"Data Source","World Development Indicators",

"Last Updated Date","2024-03-28",

"Country Name","Country Code","Indicator Name","Indicator Code","1960","1961","1962","1963","1964","1965","1966","1967","1968","1969","1970","1971","1972","1973","1974","1975","1976","1977","1978","1979","1980","1981","1982","1983","1984","1985","1986","1987","1988","1989","1990","1991","1992","1993","1994","1995","1996","1997","1998","1999","2000","2001","2002","2003","2004","2005","2006","2007","2008","2009","2010","2011","2012","2013","2014","2015","2016","2017","2018","2019","2020","2021","2022","2023",
"Aruba","ABW","Maternal mortality ratio (national estimate, per 100,000 live births)","SH.STA.MMRT.NE","","","","","","","","","","","","","","","","","","","","","","","","","","","","","","","","","","","","","","","","","","","","","","","","","","","","","","","","","","","","","","","","",
"Africa Eastern and Southern","AFE","Maternal mortality ratio (national estimate, per 100,000 live births)","SH.STA.MMRT.NE","","","","","","","","","","","","","","","","","","","","","","","","","","","","","","","","","","","","","","","","","","","","","","","","","","","","","","","","","","","","","","","","",
"Afghanistan","AFG","Maternal mortality ratio (national estimate, per 100,000 live births)","SH.STA.MMRT.NE","","","","","","","","","","","","","","","","","","","","","","","","","","","","","","","","","","","","","","","","","","","","","","","","","","","700","","","","","","1194","","","","","","","",
"Africa Western and Central","AFW","Maternal mortality ratio (national estimate, per 100,000 live births)","SH.STA.MMRT.NE","","","","","","","","","","","","","","","","","","","","","","","","","","","","","","","","","","","","","","","","","","","","","","","","","","","","","","","","","","","","","","","","",
"Angola","AGO","Maternal mortality ratio (national estimate, per 100,000 live births)","SH.STA.MMRT.NE","","","","","","","","","","","","","","","","","","","","","","","","","","","","","","","","","","","","","","","","","","","","","","","","","","","","","","","","","281","","","","","","","",
"Albania","ALB","Maternal mortality ratio (national estimate, per 100,000 live births)","SH.STA.MMRT.NE","","","","","","","","","","","","","","","","","","","","","","","","","","","","32","35","42","","","","","","13","13","10","14","4","16","4","9","2","2","15","","","","","","","","","","","","","","","","","","",
"Andorra","AND","Maternal mortality ratio (national estimate, per 100,000 live births)","SH.STA.MMRT.NE","","","","","","","","","","","","","","","","","","","","","","","","","","","","","","","","","","","","","","","","","","","","","","","","","","","","","","","","","","","","","","","","",
"Arab World","ARB","Maternal mortality ratio (national estimate, per 100,000 live births)","SH.STA.MMRT.NE","","","","","","","","","","","","","","","","","","","","","","","","","","","","","","","","","","","","","","","","","","","","","","","","","","","","","","","","","","","","","","","","",
"United Arab Emirates","ARE","Maternal mortality ratio (national estimate, per 100,000 live births)","SH.STA.MMRT.NE","","","","","","","","","","","","","","","","","","","","","","","","","","","","","","","","","","","","","","","","","","","","","","0","1","1","1","2","","","","","","","","","","","","","","",
"Argentina","ARG","Maternal mortality ratio (national estimate, per 100,000 live births)","SH.STA.MMRT.NE","","","","","","","","","","","","","","","","","","","","","","","","","","55","52","45","45","47","49","45","44","42","35","40","44","36","36","39","34","41","44","42","40","38","44","41","39","54","43","40","33","32","","38","32","","","","","","","",
"Armenia","ARM","Maternal mortality ratio (national estimate, per 100,000 live births)","SH.STA.MMRT.NE","","","","","","","","","","","","","","","","","","","","","","","","","","22","29","39","194","33","43","24","13","26","26","32","21","38","24","30","45","18","8","20","24","17","23","14","36","27","9","16","18","20","21","16","28","7","","","","","","",
"American Samoa","ASM","Maternal mortality ratio (national estimate, per 100,000 live births)","SH.STA.MMRT.NE","","","","","","","","","","","","","","","","","","","","","","","","","","","","","","","","","","","","","","","","","","","","","","","","","","","","","","","","","","","","","","","","",
"Antigua and Barbuda","ATG","Maternal mortality ratio (national estimate, per 100,000 live births)","SH.STA.MMRT.NE","","","","","","","","","","","","","","","","","","","","","","","","","","","","","","","","","","","","","","","","","","","","","","","","","","","","","","","","","","","","","","","","",
"Australia","AUS","Maternal mortality ratio (national estimate, per 100,000 live births)","SH.STA.MMRT.NE","","","","","","","","","","","","","","","","","","","","","","","","","","","","","","","","","","","","","","10","","","7","","","6","","","5","","","","","4","8","9","","3","","","","","","","","",
"Austria","AUT","Maternal mortality ratio (national estimate, per 100,000 live births)","SH.STA.MMRT.NE","","","","","","","","","","","","","","","","","","","","","","","","","","7","7","5","6","8","7","8","4","4","9","1","5","2","5","1","","4","6","9","3","6","9","4","3","3","1","3","1","1","8","5","6","1","","","","","","",
"Azerbaijan","AZE","Maternal mortality ratio (national estimate, per 100,000 live births)","SH.STA.MMRT.NE","","","","","","","","","","","","","","","","","","","","","","","","","","38","28","33","19","25","8","10","18","31","38","30","34","25","34","35","31","20","16","15","25","30","36","37","26","23","16","16","15","14","14","13","13","12","","","","","","",
"Burundi","BDI","Maternal mortality ratio (national estimate, per 100,000 live births)","SH.STA.MMRT.NE","","","","","","","","","","","","","","","","","","","","","","","","","","","","","","","","","","","","","","","","","","","","","","","","","","","785","","","","","","","580","","","","","","",
"Belgium","BEL","Maternal mortality ratio (national estimate, per 100,000 live births)","SH.STA.MMRT.NE","","","","","","","","","","","","","","","","","","","","","","","","","","6","3","3","3","7","3","4","6","5","6","9","5","9","10","5","4","11","3","6","1","3","7","6","6","5","6","6","4","2","5","3","","","","","","","","",
"Benin","BEN","Maternal mortality ratio (national estimate, per 100,000 live births)","SH.STA.MMRT.NE","","","","","","","","","","","","","","","","","","","","","","","","","","","","","","","","","317","","","","693","","","","","","","","","","541","","","","","","","","512","","","","","","","","","",
"Burkina Faso","BFA","Maternal mortality ratio (national estimate, per 100,000 live births)","SH.STA.MMRT.NE","","","","","","","","","","","","","","","","","","","","","","","","","","","","","","","","","","","","","","","","570","","","","","","","334","","","","452","","","","","","","","","","","","","",
"Bangladesh","BGD","Maternal mortality ratio (national estimate, per 100,000 live births)","SH.STA.MMRT.NE","","","","","","","","","","","","","","","","","","","","","","","","","","","","","","","","","","","","","","","","","","432","","","","","","","","","","316","","","","","","215","","","","","","",
"Bulgaria","BGR","Maternal mortality ratio (national estimate, per 100,000 live births)","SH.STA.MMRT.NE","","","","","","","","","","","","","","","","","","","","","","","","","","12","25","20","10","19","21","10","20","14","12","13","19","17","15","24","20","20","16","6","10","11","5","11","5","4","8","3","4","10","7","","","","","","","","","",
"Bahrain","BHR","Maternal mortality ratio (national estimate, per 100,000 live births)","SH.STA.MMRT.NE","","","","","","","","","","","","","","","","","","","","","","","","","","14","","7","0","","","","","","","","","14","14","21","13","20","19","19","18","0","0","16","16","16","5","10","10","19","9","","","","","","","","","",
"Bahamas, The","BHS","Maternal mortality ratio (national estimate, per 100,000 live births)","SH.STA.MMRT.NE","","","","","","","","","","","","","","","","","","","","","","","","","","","","","","","","","","","","","","","","","","","","","","","","","","","","","","","","","","","","","","","","",
"Bosnia and Herzegovina","BIH","Maternal mortality ratio (national estimate, per 100,000 live births)","SH.STA.MMRT.NE","","","","","","","","","","","","","","","","","","","","","","","","","","34","27","21","19","25","9","23","","","","","","","","","","","","","","","","","","","","6","","","0","","","","","","","","","",
"Belarus","BLR","Maternal mortality ratio (national estimate, per 100,000 live births)","SH.STA.MMRT.NE","","","","","","","","","","","","","","","","","","","","","","","","","","17","21","24","26","25","21","30","21","20","19","13","21","24","28","21","23","15","19","20","","","","7","3","1","1","1","","0","1","","","","","","","","","",
"Belize","BLZ","Maternal mortality ratio (national estimate, per 100,000 live births)","SH.STA.MMRT.NE","","","","","","","","","","","","","","","","","","","","","","","","","","","62","15","","45","45","59","","","","14","0","42","126","28","68","40","80","13","40","133","40","27","27","53","53","0","26","0","0","0","13","","","","","","","",
"Bermuda","BMU","Maternal mortality ratio (national estimate, per 100,000 live births)","SH.STA.MMRT.NE","","","","","","","","","","","","","","","","","","","","","","","","","","","","","","","","","","","","","","","","","","","","","","","","","","","","","","","","","","","","","","","","",
"Bolivia","BOL","Maternal mortality ratio (national estimate, per 100,000 live births)","SH.STA.MMRT.NE","","","","","","","","","","","","","","","","","","","","","","","","","","","","","","","","","","","363","","","","","","","","","316","","","","","396","","","","176","","","","","","","","","","","",
"Brazil","BRA","Maternal mortality ratio (national estimate, per 100,000 live births)","SH.STA.MMRT.NE","","","","","","","","","","","","","","","","","","","","","","","","","","48","47","50","46","44","44","41","41","44","45","44","193","101","109","113","98","67","72","77","74","78","71","79","78","72","69","66","60","58","61","64","63","62","59","","","","","",
"Barbados","BRB","Maternal mortality ratio (national estimate, per 100,000 live births)","SH.STA.MMRT.NE","","","","","","","","","","","","","","","","","","","","","","","","","","","23","0","24","166","72","48","73","25","50","0","","","","","26","0","54","54","27","0","28","0","58","0","0","62","31","32","","","","","","","","","","",
"Brunei Darussalam","BRN","Maternal mortality ratio (national estimate, per 100,000 live births)","SH.STA.MMRT.NE","","","","","","","","","","","","","","","","","","","","","","","","","","","","","","","","","","","","","13","26","39","0","26","40","40","41","14","14","29","15","0","15","15","0","29","14","0","30","0","","","","","","","",
"Bhutan","BTN","Maternal mortality ratio (national estimate, per 100,000 live births)","SH.STA.MMRT.NE","","","","","","","","","","","","","","","","","","","","","","","","","","","","","","","","","","","605","","","","","","240","","","","","482","","","","","","325","","","","","","","","","","","","",
"Botswana","BWA","Maternal mortality ratio (national estimate, per 100,000 live births)","SH.STA.MMRT.NE","","","","","","","","","","","","","","","","","","","","","","","","","","","","","","","","","","","","","","","","","","","","","","","173","154","202","215","209","179","208","163","201","140","167","172","158","","","","","",
"Central African Republic","CAF","Maternal mortality ratio (national estimate, per 100,000 live births)","SH.STA.MMRT.NE","","","","","","","","","","","","","","","","","","","","","","","","","","","","","","","","","","","1284","","","","","","","","","","","","","","","","","","","","","","","","","","","","","",
"Canada","CAN","Maternal mortality ratio (national estimate, per 100,000 live births)","SH.STA.MMRT.NE","","","","","","","","","","","","","","","","","","","","","","","","","","4","3","4","","","","","","4","4","5","5","5","4","2","3","8","4","7","6","8","7","7","9","8","6","4","5","6","5","6","","","","","","","","",
"Central Europe and the Baltics","CEB","Maternal mortality ratio (national estimate, per 100,000 live births)","SH.STA.MMRT.NE","","","","","","","","","","","","","","","","","","","","","","","","","","","","","","","","","","","","","","","","","","","","","","","","","","","","","","","","","","","","","","","","",
"Switzerland","CHE","Maternal mortality ratio (national estimate, per 100,000 live births)","SH.STA.MMRT.NE","","","","","","","","","","","","","","","","","","","","","","","","","","5","4","6","10","4","6","1","5","6","4","9","4","4","4","8","7","1","4","5","5","5","8","1","10","4","4","4","7","2","4","7","","","","","","","","",
"Channel Islands","CHI","Maternal mortality ratio (national estimate, per 100,000 live births)","SH.STA.MMRT.NE","","","","","","","","","","","","","","","","","","","","","","","","","","","","","","","","","","","","","","","","","","","","","","","","","","","","","","","","","","","","","","","","",
"Chile","CHL","Maternal mortality ratio (national estimate, per 100,000 live births)","SH.STA.MMRT.NE","","","","","","","","","","","","","","","","","","","","","","","","","","47","45","47","42","42","41","35","31","34","25","30","23","22","21","23","19","18","17","13","17","18","19","17","15","20","","18","15","17","16","15","16","10","","","","","","",
"China","CHN","Maternal mortality ratio (national estimate, per 100,000 live births)","SH.STA.MMRT.NE","","","","","","","","","","","","","","","","","","","","","","","","","","","","","","","","98","","","","","68","","70","","65","58","55","48","56","53","52","45","40","38","35","33","29","27","","","","","","","","","","",
"Cote d'Ivoire","CIV","Maternal mortality ratio (national estimate, per 100,000 live births)","SH.STA.MMRT.NE","","","","","","","","","","","","","","","","","","","","","","","","","","","","","","","","","","","729","","","","","","","","","","","605","","","","","","","751","","","","","","","","","","","",
"Cameroon","CMR","Maternal mortality ratio (national estimate, per 100,000 live births)","SH.STA.MMRT.NE","","","","","","","","","","","","","","","","","","","","","","","","","","","","","","","","","","","","","","","863","","","","","","778","","","","","","","782","","","","","","","","","","","","",
"Congo, Dem. Rep.","COD","Maternal mortality ratio (national estimate, per 100,000 live births)","SH.STA.MMRT.NE","","","","","","","","","","","","","","","","","","","","","","","","","","","","","","","","","","","","","","","","","","","","","","","","445","","","","","","","740","","","","","","","","","",
"Congo, Rep.","COG","Maternal mortality ratio (national estimate, per 100,000 live births)","SH.STA.MMRT.NE","","","","","","","","","","","","","","","","","","","","","","","","","","","","","","","","","","","","","","","","","","","","","","928","","","","","","457","","","","605","","","","","","","","",
"Colombia","COL","Maternal mortality ratio (national estimate, per 100,000 live births)","SH.STA.MMRT.NE","","","","","","","","","","","","","","","","","","","","","","","","","","96","71","74","66","63","60","55","50","51","49","45","47","46","74","74","84","77","","61","63","60","61","60","53","60","58","58","57","48","47","47","44","44","","","","","","",
"Comoros","COM","Maternal mortality ratio (national estimate, per 100,000 live births)","SH.STA.MMRT.NE","","","","","","","","","","","","","","","","","","","","","","","","","","","","","","","","","","","","","","","","","","","","","","","","","","","","","352","","","","","","","","","","","",
"Cabo Verde","CPV","Maternal mortality ratio (national estimate, per 100,000 live births)","SH.STA.MMRT.NE","","","","","","","","","","","","","","","","","","","","","","","","","","","","","","","","","","","","","","","","","93","43","9","35","44","18","45","18","18","63","45","45","9","36","9","46","19","47","","","","","","",
"Costa Rica","CRI","Maternal mortality ratio (national estimate, per 100,000 live births)","SH.STA.MMRT.NE","","","","","","","","","","","","","","","","","","","","","","","","","","36","35","19","18","28","14","33","21","17","36","19","28","35","18","19","37","32","35","","38","30","38","39","20","35","28","26","30","14","29","","","","24","","","","","",
"Caribbean small states","CSS","Maternal mortality ratio (national estimate, per 100,000 live births)","SH.STA.MMRT.NE","","","","","","","","","","","","","","","","","","","","","","","","","","","","","","","","","","","","","","","","","","","","","","","","","","","","","","","","","","","","","","","","",
"Cuba","CUB","Maternal mortality ratio (national estimate, per 100,000 live births)","SH.STA.MMRT.NE","","","","","","","","","","","","","","","","","","","","","","","","","","48","49","49","41","39","45","47","43","35","53","45","33","39","39","45","40","33","42","40","37","48","43","28","45","49","44","43","33","39","35","43","41","38","","","","","","",
"Curacao","CUW","Maternal mortality ratio (national estimate, per 100,000 live births)","SH.STA.MMRT.NE","","","","","","","","","","","","","","","","","","","","","","","","","","","","","","","","","","","","","","","","","","","","","","","","","","","","","","","","","","","","","","","","",
"Cayman Islands","CYM","Maternal mortality ratio (national estimate, per 100,000 live births)","SH.STA.MMRT.NE","","","","","","","","","","","","","","","","","","","","","","","","","","","","","","","","","","","","","","","","","","","","","","","","","","","","","","","","","","","","","","","","",
"Cyprus","CYP","Maternal mortality ratio (national estimate, per 100,000 live births)","SH.STA.MMRT.NE","","","","","","","","","","","","","","","","","","","","","","","","","","","","","","","","","","","","","","","","","","","","","0","0","8","0","8","0","8","0","0","8","16","0","0","","","","","","","",
"Czechia","CZE","Maternal mortality ratio (national estimate, per 100,000 live births)","SH.STA.MMRT.NE","","","","","","","","","","","","","","","","","","","","","","","","","","","15","9","10","9","9","14","10","12","6","2","5","2","6","7","6","3","3","4","4","3","8","3","6","3","3","2","5","1","4","2","1","","","","","","","",
"Germany","DEU","Maternal mortality ratio (national estimate, per 100,000 live births)","SH.STA.MMRT.NE","","","","","","","","","","","","","","","","","","","","","","","","","","","","","","","10","9","7","6","5","5","7","6","6","5","6","4","3","4","5","4","5","4","5","5","5","5","4","4","4","3","","","","","","","","",
"Djibouti","DJI","Maternal mortality ratio (national estimate, per 100,000 live births)","SH.STA.MMRT.NE","","","","","","","","","","","","","","","","","","","","","","","","","","","","","","","","","","","","","","","","","","","","","","","","","","","","","","","","","","","","","","","","",
"Dominica","DMA","Maternal mortality ratio (national estimate, per 100,000 live births)","SH.STA.MMRT.NE","","","","","","","","","","","","","","","","","","","","","","","","","","","","","","","","","","","","","","","","","","","","","","","","","","","","","","","","","","","","","","","","",
"Denmark","DNK","Maternal mortality ratio (national estimate, per 100,000 live births)","SH.STA.MMRT.NE","","","","","","","","","","","","","","","","","","","","","","","","","","","","","","","","","","","","10","6","7","3","6","0","3","","","","","","3","6","6","0","3","0","2","3","0","","","","","","","","",
"Dominican Republic","DOM","Maternal mortality ratio (national estimate, per 100,000 live births)","SH.STA.MMRT.NE","","","","","","","","","","","","","","","","","","","","","","","","","","","","","","","","","","","","","","","","","122","55","55","76","71","80","95","84","76","96","110","95","95","90","93","","94","","97","","","","","",
"Algeria","DZA","Maternal mortality ratio (national estimate, per 100,000 live births)","SH.STA.MMRT.NE","","","","","","","","","","","","","","","","","","","","","","","","","","","","","","","","","","","","","","","","","204","","","","","","","","","","","","","","","","","","","","","","","",
"East Asia & Pacific (excluding high income)","EAP","Maternal mortality ratio (national estimate, per 100,000 live births)","SH.STA.MMRT.NE","","","","","","","","","","","","","","","","","","","","","","","","","","","","","","","","","","","","","","","","","","","","","","","","","","","","","","","","","","","","","","","","",
"Early-demographic dividend","EAR","Maternal mortality ratio (national estimate, per 100,000 live births)","SH.STA.MMRT.NE","","","","","","","","","","","","","","","","","","","","","","","","","","","","","","","","","","","","","","","","","","","","","","","","","","","","","","","","","","","","","","","","",
"East Asia & Pacific","EAS","Maternal mortality ratio (national estimate, per 100,000 live births)","SH.STA.MMRT.NE","","","","","","","","","","","","","","","","","","","","","","","","","","","","","","","","","","","","","","","","","","","","","","","","","","","","","","","","","","","","","","","","",
"Europe & Central Asia (excluding high income)","ECA","Maternal mortality ratio (national estimate, per 100,000 live births)","SH.STA.MMRT.NE","","","","","","","","","","","","","","","","","","","","","","","","","","","","","","","","","","","","","","","","","","","","","","","","","","","","","","","","","","","","","","","","",
"Europe & Central Asia","ECS","Maternal mortality ratio (national estimate, per 100,000 live births)","SH.STA.MMRT.NE","","","","","","","","","","","","","","","","","","","","","","","","","","","","","","","","","","","","","","","","","","","","","","","","","","","","","","","","","","","","","","","","",
"Ecuador","ECU","Maternal mortality ratio (national estimate, per 100,000 live births)","SH.STA.MMRT.NE","","","","","","","","","","","","","","","","","","","","","","","","","","135","110","118","109","112","100","102","108","110","75","53","60","50","46","64","72","58","46","43","40","45","42","55","","66","82","80","96","81","61","66","62","50","57","","","","","",
"Egypt, Arab Rep.","EGY","Maternal mortality ratio (national estimate, per 100,000 live births)","SH.STA.MMRT.NE","","","","","","","","","","","","","","","","","","","","","","","","","","","","64","","","","39","38","138","","","","","","","27","28","35","38","29","30","31","28","21","26","23","23","21","19","19","15","","","","","","","","",
"Euro area","EMU","Maternal mortality ratio (national estimate, per 100,000 live births)","SH.STA.MMRT.NE","","","","","","","","","","","","","","","","","","","","","","","","","","","","","","","","","","","","","","","","","","","","","","","","","","","","","","","","","","","","","","","","",
"Eritrea","ERI","Maternal mortality ratio (national estimate, per 100,000 live births)","SH.STA.MMRT.NE","","","","","","","","","","","","","","","","","","","","","","","","","","","","","","","","","","","","1763","","","","","","","","1037","","","","","","","758","","","","","","","","","","","","","",
"Spain","ESP","Maternal mortality ratio (national estimate, per 100,000 live births)","SH.STA.MMRT.NE","","","","","","","","","","","","","","","","","","","","","","","","","","4","5","5","5","3","5","3","5","3","3","3","3","2","2","4","4","4","3","4","5","4","3","3","5","3","4","3","2","4","2","4","4","","","","","","","",
"Estonia","EST","Maternal mortality ratio (national estimate, per 100,000 live births)","SH.STA.MMRT.NE","","","","","","","","","","","","","","","","","","","","","","","","","","46","29","42","26","45","34","31","22","30","52","49","0","15","16","16","39","8","8","29","28","14","7","0","0","0","7","7","7","7","0","0","14","","","","","","","",
"Ethiopia","ETH","Maternal mortality ratio (national estimate, per 100,000 live births)","SH.STA.MMRT.NE","","","","","","","","","","","","","","","","","","","","","","","","","","","","","","","","","","","","","","","","","804","","","","","710","","1184","","","","861","","","","","557","","","","","","","",
"European Union","EUU","Maternal mortality ratio (national estimate, per 100,000 live births)","SH.STA.MMRT.NE","","","","","","","","","","","","","","","","","","","","","","","","","","","","","","","","","","","","","","","","","","","","","","","","","","","","","","","","","","","","","","","","",
"Fragile and conflict affected situations","FCS","Maternal mortality ratio (national estimate, per 100,000 live births)","SH.STA.MMRT.NE","","","","","","","","","","","","","","","","","","","","","","","","","","","","","","","","","","","","","","","","","","","","","","","","","","","","","","","","","","","","","","","","",
"Finland","FIN","Maternal mortality ratio (national estimate, per 100,000 live births)","SH.STA.MMRT.NE","","","","","","","","","","","","","","","","","","","","","","","","","","6","6","","","","","","","","","2","3","5","5","3","5","5","5","3","12","5","7","2","8","2","5","0","3","2","5","4","6","8","","","","","","",
"Fiji","FJI","Maternal mortality ratio (national estimate, per 100,000 live births)","SH.STA.MMRT.NE","","","","","","","","","","","","","","","","","","","","","","","","","","","","","","","","","","","","","","","","5","","30","15","31","0","47","37","37","21","21","29","21","42","66","","","","","","","","","","",
"France","FRA","Maternal mortality ratio (national estimate, per 100,000 live births)","SH.STA.MMRT.NE","","","","","","","","","","","","","","","","","","","","","","","","","","12","11","9","9","9","11","12","13","9","11","10","13","9","","","","11","9","12","9","9","8","9","12","9","9","11","9","5","5","4","","","","","","","","",
"Faroe Islands","FRO","Maternal mortality ratio (national estimate, per 100,000 live births)","SH.STA.MMRT.NE","","","","","","","","","","","","","","","","","","","","","","","","","","","","","","","","","","","","","","","","","","","","","","","","","","","","","","","","","","","","","","","","",
"Micronesia, Fed. Sts.","FSM","Maternal mortality ratio (national estimate, per 100,000 live births)","SH.STA.MMRT.NE","","","","","","","","","","","","","","","","","","","","","","","","","","","","","","","","","","","","","","","","","","","","","","","","","","","","","","","","","","","","","","","","",
"Gabon","GAB","Maternal mortality ratio (national estimate, per 100,000 live births)","SH.STA.MMRT.NE","","","","","","","","","","","","","","","","","","","","","","","","","","","","","","","","","","","","","","","","","509","","","","","","","","","","","","368","","","","","","","","","","","",
"United Kingdom","GBR","Maternal mortality ratio (national estimate, per 100,000 live births)","SH.STA.MMRT.NE","","","","","","","","","","","","","","","","","","","","","","","","","","","","","9","","","9","","","10","","","9","","","10","","","11","","","11","","","11","","","10","9","8","8","8","","","","","","","",
"Georgia","GEO","Maternal mortality ratio (national estimate, per 100,000 live births)","SH.STA.MMRT.NE","","","","","","","","","","","","","","","","","","","","","","","","","","22","19","16","19","53","20","7","1","","1","24","13","21","20","14","7","8","","","41","17","","4","","57","","","","28","31","","36","24","14","","","","","",
"Ghana","GHA","Maternal mortality ratio (national estimate, per 100,000 live births)","SH.STA.MMRT.NE","","","","","","","","","","","","","","","","","","","","","","","","","","","","","","","","","","","","","","","","","","","","","","","","516","","","284","","","","","","","334","","","","","","",
"Gibraltar","GIB","Maternal mortality ratio (national estimate, per 100,000 live births)","SH.STA.MMRT.NE","","","","","","","","","","","","","","","","","","","","","","","","","","","","","","","","","","","","","","","","","","","","","","","","","","","","","","","","","","","","","","","","",
"Guinea","GIN","Maternal mortality ratio (national estimate, per 100,000 live births)","SH.STA.MMRT.NE","","","","","","","","","","","","","","","","","","","","","","","","","","","","","","","","","","","","","","","","704","","","","","","1201","","","","","","","756","","","","833","","","","","","","",
"Gambia, The","GMB","Maternal mortality ratio (national estimate, per 100,000 live births)","SH.STA.MMRT.NE","","","","","","","","","","","","","","","","","","","","","","","","","","","","","","","","","","","","","","","","","","","","","","","","","","","","","","595","","","","","","","","","","",
"Guinea-Bissau","GNB","Maternal mortality ratio (national estimate, per 100,000 live births)","SH.STA.MMRT.NE","","","","","","","","","","","","","","","","","","","","","","","","","","","","","","","","","","","","","","","","","","","","","","","","","","","","","","","898","","","","","","","","","",
"Equatorial Guinea","GNQ","Maternal mortality ratio (national estimate, per 100,000 live births)","SH.STA.MMRT.NE","","","","","","","","","","","","","","","","","","","","","","","","","","","","","","","","","","","","","","","","","","","","","","","","","","","","380","","","","","","","","","","","","",
"Greece","GRC","Maternal mortality ratio (national estimate, per 100,000 live births)","SH.STA.MMRT.NE","","","","","","","","","","","","","","","","","","","","","","","","","","6","8","3","5","4","1","3","6","1","2","0","4","0","7","6","0","4","1","2","3","0","3","2","0","4","6","4","1","0","4","6","","","","","","","","",
"Grenada","GRD","Maternal mortality ratio (national estimate, per 100,000 live births)","SH.STA.MMRT.NE","","","","","","","","","","","","","","","","","","","","","","","","","","63","","","33","0","0","0","0","84","44","0","0","","","","","0","54","0","0","0","0","0","0","0","0","0","107","53","0","0","107","0","","","","","","",
"Greenland","GRL","Maternal mortality ratio (national estimate, per 100,000 live births)","SH.STA.MMRT.NE","","","","","","","","","","","","","","","","","","","","","","","","","","","","","","","","","","","","","","","","","","","","","","","","","","","","","","","","","","","","","","","","",
"Guatemala","GTM","Maternal mortality ratio (national estimate, per 100,000 live births)","SH.STA.MMRT.NE","","","","","","","","","","","","","","","","","","","","","","","","","","","99","94","91","","90","95","104","94","96","91","","181","173","76","","67","67","69","71","86","72","","80","83","87","76","85","","68","71","71","112","107","","","","","",
"Guam","GUM","Maternal mortality ratio (national estimate, per 100,000 live births)","SH.STA.MMRT.NE","","","","","","","","","","","","","","","","","","","","","","","","","","","","","","","","","","","","","","","","","","","","","","","","","","","","","","","","","","","","","","","","",
"Guyana","GUY","Maternal mortality ratio (national estimate, per 100,000 live births)","SH.STA.MMRT.NE","","","","","","","","","","","","","","","","","","","","","","","","","","","","","60","79","108","61","52","85","147","167","125","102","119","86","","90","109","118","110","142","121","123","99","56","126","88","88","57","101","","","","","","","","","",
"High income","HIC","Maternal mortality ratio (national estimate, per 100,000 live births)","SH.STA.MMRT.NE","","","","","","","","","","","","","","","","","","","","","","","","","","","","","","","","","","","","","","","","","","","","","","","","","","","","","","","","","","","","","","","","",
"Hong Kong SAR, China","HKG","Maternal mortality ratio (national estimate, per 100,000 live births)","SH.STA.MMRT.NE","","","","","","","","","","","","","","","","","","","","","","","","","","","","","","","","","","","","","","","","","","","","","","","","","","","","","","","","","","","","","","","","",
"Honduras","HND","Maternal mortality ratio (national estimate, per 100,000 live births)","SH.STA.MMRT.NE","","","","","","","","","","","","","","","","","","","","","","","","","","","","","","","","164","","","","","","","90","","","134","","","","","","","","","","76","","62","71","","","","","","","","","",
"Heavily indebted poor countries (HIPC)","HPC","Maternal mortality ratio (national estimate, per 100,000 live births)","SH.STA.MMRT.NE","","","","","","","","","","","","","","","","","","","","","","","","","","","","","","","","","","","","","","","","","","","","","","","","","","","","","","","","","","","","","","","","",
"Croatia","HRV","Maternal mortality ratio (national estimate, per 100,000 live births)","SH.STA.MMRT.NE","","","","","","","","","","","","","","","","","","","","","","","","","","5","10","5","2","4","11","8","4","10","10","12","2","10","6","11","7","2","9","7","7","7","9","14","7","14","9","9","7","5","3","3","3","","","","","","","",
"Haiti","HTI","Maternal mortality ratio (national estimate, per 100,000 live births)","SH.STA.MMRT.NE","","","","","","","","","","","","","","","","","","","","","","","","","","","","","","","","","","","","","","","","","378","","","","","","531","","","","","","","","","","","732","","","","","","",
"Hungary","HUN","Maternal mortality ratio (national estimate, per 100,000 live births)","SH.STA.MMRT.NE","","","","","","","","","","","","","","","","","","","","","","","","","","27","15","14","17","15","21","13","10","19","10","15","11","20","6","4","10","5","8","7","4","5","8","8","18","18","15","10","10","14","7","6","12","","","","","","","",
"IBRD only","IBD","Maternal mortality ratio (national estimate, per 100,000 live births)","SH.STA.MMRT.NE","","","","","","","","","","","","","","","","","","","","","","","","","","","","","","","","","","","","","","","","","","","","","","","","","","","","","","","","","","","","","","","","",
"IDA & IBRD total","IBT","Maternal mortality ratio (national estimate, per 100,000 live births)","SH.STA.MMRT.NE","","","","","","","","","","","","","","","","","","","","","","","","","","","","","","","","","","","","","","","","","","","","","","","","","","","","","","","","","","","","","","","","",
"IDA total","IDA","Maternal mortality ratio (national estimate, per 100,000 live births)","SH.STA.MMRT.NE","","","","","","","","","","","","","","","","","","","","","","","","","","","","","","","","","","","","","","","","","","","","","","","","","","","","","","","","","","","","","","","","",
"IDA blend","IDB","Maternal mortality ratio (national estimate, per 100,000 live births)","SH.STA.MMRT.NE","","","","","","","","","","","","","","","","","","","","","","","","","","","","","","","","","","","","","","","","","","","","","","","","","","","","","","","","","","","","","","","","",
"Indonesia","IDN","Maternal mortality ratio (national estimate, per 100,000 live births)","SH.STA.MMRT.NE","","","","","","","","","","","","","","","","","","","","","","","","","","","","","","","","","","","410","","","","","","","","","339","","","","206","","","","","282","","","","","","","","","","","",
"IDA only","IDX","Maternal mortality ratio (national estimate, per 100,000 live births)","SH.STA.MMRT.NE","","","","","","","","","","","","","","","","","","","","","","","","","","","","","","","","","","","","","","","","","","","","","","","","","","","","","","","","","","","","","","","","",
"Isle of Man","IMN","Maternal mortality ratio (national estimate, per 100,000 live births)","SH.STA.MMRT.NE","","","","","","","","","","","","","","","","","","","","","","","","","","","","","","","","","","","","","","","","","","","","","","","","","","","","","","","","","","","","","","","","",
"India","IND","Maternal mortality ratio (national estimate, per 100,000 live births)","SH.STA.MMRT.NE","","","","","","","","","","","","","","","","","","","","","","","","","","","","","","","","","","481","","","","","","438","594","","360","","331","","","279","","","233","","","196","184","","","143","","","","","","",
"Not classified","INX","Maternal mortality ratio (national estimate, per 100,000 live births)","SH.STA.MMRT.NE","","","","","","","","","","","","","","","","","","","","","","","","","","","","","","","","","","","","","","","","","","","","","","","","","","","","","","","","","","","","","","","","",
"Ireland","IRL","Maternal mortality ratio (national estimate, per 100,000 live births)","SH.STA.MMRT.NE","","","","","","","","","","","","","","","","","","","","","","","","","","6","5","3","2","4","4","8","4","0","2","0","6","6","4","2","2","5","8","0","2","2","0","3","4","","","3","3","4","1","1","","","","","","","","",
"Iran, Islamic Rep.","IRN","Maternal mortality ratio (national estimate, per 100,000 live births)","SH.STA.MMRT.NE","","","","","","","","","","","","","","","","","","","","","","","","","","","","","","","","","","","","","83","","","","","","","30","36","38","38","34","37","25","24","21","20","7","6","7","","","","","","","","",
"Iraq","IRQ","Maternal mortality ratio (national estimate, per 100,000 live births)","SH.STA.MMRT.NE","","","","","","","","","","","","","","","","","","","","","","","","","","","","","","","","","","","","","","","","263","","","","","","","81","","","","","","","60","","","","","","","","","","",
"Iceland","ISL","Maternal mortality ratio (national estimate, per 100,000 live births)","SH.STA.MMRT.NE","","","","","","","","","","","","","","","","","","","","","","","","","","","","","","","","","","","","","","","","","","","","","","","","","","","0","22","0","0","0","0","0","0","","","","","","",
"Israel","ISR","Maternal mortality ratio (national estimate, per 100,000 live births)","SH.STA.MMRT.NE","","","","","","","","","","","","","","","","","","","","","","","","","","9","6","3","5","7","13","9","6","3","6","6","8","10","9","7","","4","7","5","2","4","3","8","5","5","3","4","1","6","5","3","4","2","","","","","","",
"Italy","ITA","Maternal mortality ratio (national estimate, per 100,000 live births)","SH.STA.MMRT.NE","","","","","","","","","","","","","","","","","","","","","","","","","","8","5","4","8","5","9","5","7","4","4","3","4","4","3","3","3","2","3","5","4","2","","2","2","2","3","2","2","2","2","3","","","","","","","","",
"Jamaica","JAM","Maternal mortality ratio (national estimate, per 100,000 live births)","SH.STA.MMRT.NE","","","","","","","","","","","","","","","","","","","","","","","","","","","","88","","","","","","","66","88","75","","","79","63","85","79","90","72","68","95","79","76","126","62","90","77","35","74","","","","","","","","","",
"Jordan","JOR","Maternal mortality ratio (national estimate, per 100,000 live births)","SH.STA.MMRT.NE","","","","","","","","","","","","","","","","","","","","","","","","","","","","","","","","","","","","","104","","","","","","","","","","","","","49","","","","","","","","","","","","","","",
"Japan","JPN","Maternal mortality ratio (national estimate, per 100,000 live births)","SH.STA.MMRT.NE","","","","","","","","","","","","","","","","","","","","","","","","","","16","13","12","9","10","8","9","9","7","6","7","6","7","7","6","7","7","7","6","4","","5","3","4","5","4","4","4","3","3","4","","","","","","","","",
"Kazakhstan","KAZ","Maternal mortality ratio (national estimate, per 100,000 live births)","SH.STA.MMRT.NE","","","","","","","","","","","","","","","","","","","","","","","","","","46","45","46","49","52","52","47","56","48","49","56","50","53","50","41","40","36","32","25","22","28","32","33","25","","29","19","18","15","9","9","","","","","","","","",
"Kenya","KEN","Maternal mortality ratio (national estimate, per 100,000 live births)","SH.STA.MMRT.NE","","","","","","","","","","","","","","","","","","","","","","","","","","","","","","","","","","","","","","","888","","","","","557","","","","","","724","","","","","377","","","","","","","","","",
"Kyrgyz Republic","KGZ","Maternal mortality ratio (national estimate, per 100,000 live births)","SH.STA.MMRT.NE","","","","","","","","","","","","","","","","","","","","","","","","","","42","55","53","52","40","59","53","48","40","37","42","23","56","31","41","39","39","51","50","52","60","58","52","54","62","51","52","46","35","50","39","30","","","","","","","",
"Cambodia","KHM","Maternal mortality ratio (national estimate, per 100,000 live births)","SH.STA.MMRT.NE","","","","","","","","","","","","","","","","","","","","","","","","","","","","","","","","","","","","","","","635","","497","","","","","559","","","548","","226","","","","184","","","","","","","","","",
"Kiribati","KIR","Maternal mortality ratio (national estimate, per 100,000 live births)","SH.STA.MMRT.NE","","","","","","","","","","","","","","","","","","","","","","","","","","","","","","","","76","","226","38","38","38","116","0","39","","","","","","","","","","","","","","","","","","","","","","","","",
"St. Kitts and Nevis","KNA","Maternal mortality ratio (national estimate, per 100,000 live births)","SH.STA.MMRT.NE","","","","","","","","","","","","","","","","","","","","","","","","","","","","","","","","","","","","","","","","","","","","","","","","","","","","","","","","","","","","","","","","",
"Korea, Rep.","KOR","Maternal mortality ratio (national estimate, per 100,000 live births)","SH.STA.MMRT.NE","","","","","","","","","","","","","","","","","","","","","","","","","","16","15","10","10","9","13","14","13","13","12","","","10","10","13","11","13","13","12","12","11","12","10","9","13","","16","19","12","11","9","8","","","","","","","",
"Kuwait","KWT","Maternal mortality ratio (national estimate, per 100,000 live births)","SH.STA.MMRT.NE","","","","","","","","","","","","","","","","","","","","","","","","","","4","5","2","","","","","","3","3","3","7","17","7","7","5","2","7","2","12","4","2","0","9","12","5","10","2","","","","","","","","","","","",
"Latin America & Caribbean (excluding high income)","LAC","Maternal mortality ratio (national estimate, per 100,000 live births)","SH.STA.MMRT.NE","","","","","","","","","","","","","","","","","","","","","","","","","","","","","","","","","","","","","","","","","","","","","","","","","","","","","","","","","","","","","","","","",
"Lao PDR","LAO","Maternal mortality ratio (national estimate, per 100,000 live births)","SH.STA.MMRT.NE","","","","","","","","","","","","","","","","","","","","","","","","","","","","","","","","","","","","594","","","","","","","","","","407","","","","","","444","","","","217","","","","","","","","",
"Lebanon","LBN","Maternal mortality ratio (national estimate, per 100,000 live births)","SH.STA.MMRT.NE","","","","","","","","","","","","","","","","","","","","","","","","","","","","","","","","","","","","","","","","","","","","","","","","","","17","","","","","","","","","46","","","","","",
"Liberia","LBR","Maternal mortality ratio (national estimate, per 100,000 live births)","SH.STA.MMRT.NE","","","","","","","","","","","","","","","","","","","","","","","","","","","","","","","","","","","","","","","","","","","","","","","","1114","495","","","","","949","","","","","","","","","","",
"Libya","LBY","Maternal mortality ratio (national estimate, per 100,000 live births)","SH.STA.MMRT.NE","","","","","","","","","","","","","","","","","","","","","","","","","","","","","","","","","","","","","","","","","","","","","","","","","","","","","","","","","","","","","","","","",
"St. Lucia","LCA","Maternal mortality ratio (national estimate, per 100,000 live births)","SH.STA.MMRT.NE","","","","","","","","","","","","","","","","","","","","","","","","","","","25","25","0","25","51","52","0","27","0","0","29","0","0","33","103","36","38","158","163","84","43","","44","0","133","44","45","45","90","","","","","","","","","",
"Latin America & Caribbean","LCN","Maternal mortality ratio (national estimate, per 100,000 live births)","SH.STA.MMRT.NE","","","","","","","","","","","","","","","","","","","","","","","","","","","","","","","","","","","","","","","","","","","","","","","","","","","","","","","","","","","","","","","","",
"Least developed countries: UN classification","LDC","Maternal mortality ratio (national estimate, per 100,000 live births)","SH.STA.MMRT.NE","","","","","","","","","","","","","","","","","","","","","","","","","","","","","","","","","","","","","","","","","","","","","","","","","","","","","","","","","","","","","","","","",
"Low income","LIC","Maternal mortality ratio (national estimate, per 100,000 live births)","SH.STA.MMRT.NE","","","","","","","","","","","","","","","","","","","","","","","","","","","","","","","","","","","","","","","","","","","","","","","","","","","","","","","","","","","","","","","","",
"Liechtenstein","LIE","Maternal mortality ratio (national estimate, per 100,000 live births)","SH.STA.MMRT.NE","","","","","","","","","","","","","","","","","","","","","","","","","","","","","","","","","","","","","","","","","","","","","","","","","","","","","","","","","","","","","","","","",
"Sri Lanka","LKA","Maternal mortality ratio (national estimate, per 100,000 live births)","SH.STA.MMRT.NE","","","","","","","","","","","","","","","","","","","","","","","","","","51","44","","","","","","","","","","20","33","24","17","21","18","17","20","52","165","15","51","48","52","68","34","36","42","36","35","37","37","43","","","","","",
"Lower middle income","LMC","Maternal mortality ratio (national estimate, per 100,000 live births)","SH.STA.MMRT.NE","","","","","","","","","","","","","","","","","","","","","","","","","","","","","","","","","","","","","","","","","","","","","","","","","","","","","","","","","","","","","","","","",
"Low & middle income","LMY","Maternal mortality ratio (national estimate, per 100,000 live births)","SH.STA.MMRT.NE","","","","","","","","","","","","","","","","","","","","","","","","","","","","","","","","","","","","","","","","","","","","","","","","","","","","","","","","","","","","","","","","",
"Lesotho","LSO","Maternal mortality ratio (national estimate, per 100,000 live births)","SH.STA.MMRT.NE","","","","","","","","","","","","","","","","","","","","","","","","","","","","","","","","","","","","","397","","","","","","","","690","","706","","","954","","","","","649","","","","","","","","","",
"Late-demographic dividend","LTE","Maternal mortality ratio (national estimate, per 100,000 live births)","SH.STA.MMRT.NE","","","","","","","","","","","","","","","","","","","","","","","","","","","","","","","","","","","","","","","","","","","","","","","","","","","","","","","","","","","","","","","","",
"Lithuania","LTU","Maternal mortality ratio (national estimate, per 100,000 live births)","SH.STA.MMRT.NE","","","","","","","","","","","","","","","","","","","","","","","","","","23","28","23","19","29","24","21","22","12","15","16","12","15","14","14","9","12","19","3","16","13","0","6","10","0","6","6","9","6","3","10","7","7","","","","","","",
"Luxembourg","LUX","Maternal mortality ratio (national estimate, per 100,000 live births)","SH.STA.MMRT.NE","","","","","","","","","","","","","","","","","","","","","","","","","","0","0","23","0","0","21","0","0","0","19","18","0","0","18","0","19","0","0","0","19","19","0","18","18","0","17","0","17","0","0","0","","","","","","","","",
"Latvia","LVA","Maternal mortality ratio (national estimate, per 100,000 live births)","SH.STA.MMRT.NE","","","","","","","","","","","","","","","","","","","","","","","","","","29","34","42","30","58","25","33","32","28","43","21","18","39","41","41","26","25","5","14","9","5","9","27","9","36","18","0","19","9","10","57","","","","","","","","",
"Macao SAR, China","MAC","Maternal mortality ratio (national estimate, per 100,000 live births)","SH.STA.MMRT.NE","","","","","","","","","","","","","","","","","","","","","","","","","","","","","","","","","","","","","","","","","","","","","","","","","","","","","","","","","","","","","","","","",
"St. Martin (French part)","MAF","Maternal mortality ratio (national estimate, per 100,000 live births)","SH.STA.MMRT.NE","","","","","","","","","","","","","","","","","","","","","","","","","","","","","","","","","","","","","","","","","","","","","","","","","","","","","","","","","","","","","","","","",
"Morocco","MAR","Maternal mortality ratio (national estimate, per 100,000 live births)","SH.STA.MMRT.NE","","","","","","","","","","","","","","","","","","","","","","","","","","","","","","","","","314","","","","","216","","","","","","343","","","","","","","129","88","","","","","","","","","","","","",
"Monaco","MCO","Maternal mortality ratio (national estimate, per 100,000 live births)","SH.STA.MMRT.NE","","","","","","","","","","","","","","","","","","","","","","","","","","","","","","","","","","","","","","","","","","","","","","","","","","","","","","","","","","","","","","","","",
"Moldova","MDA","Maternal mortality ratio (national estimate, per 100,000 live births)","SH.STA.MMRT.NE","","","","","","","","","","","","","","","","","","","","","","","","","","49","34","42","35","33","42","46","50","52","25","38","38","41","28","22","21","35","25","19","21","19","","","","15","40","11","27","14","16","28","17","","","","","","","",
"Madagascar","MDG","Maternal mortality ratio (national estimate, per 100,000 live births)","SH.STA.MMRT.NE","","","","","","","","","","","","","","","","","","","","","","","","","","","","","","","","","","","","","","","","","","","","","621","","","","","504","","","","","","","","","","","","","","",
"Maldives","MDV","Maternal mortality ratio (national estimate, per 100,000 live births)","SH.STA.MMRT.NE","","","","","","","","","","","","","","","","","","","","","","","","","","","","","","","","","","","","","","","","","50","51","119","0","33","16","","30","58","","96","54","","","","27","","","","","","","","",
"Middle East & North Africa","MEA","Maternal mortality ratio (national estimate, per 100,000 live births)","SH.STA.MMRT.NE","","","","","","","","","","","","","","","","","","","","","","","","","","","","","","","","","","","","","","","","","","","","","","","","","","","","","","","","","","","","","","","","",
"Mexico","MEX","Maternal mortality ratio (national estimate, per 100,000 live births)","SH.STA.MMRT.NE","","","","","","","","","","","","","","","","","","","","","","","","","","71","69","64","63","62","61","58","58","52","58","60","54","53","59","58","55","53","55","56","53","53","50","47","48","52","43","42","41","37","38","34","36","","","","","","","",
"Marshall Islands","MHL","Maternal mortality ratio (national estimate, per 100,000 live births)","SH.STA.MMRT.NE","","","","","","","","","","","","","","","","","","","","","","","","","","","","","","","","","","","","","","","","","","","","","","","","","","","","","","","","","","","","","","","","",
"Middle income","MIC","Maternal mortality ratio (national estimate, per 100,000 live births)","SH.STA.MMRT.NE","","","","","","","","","","","","","","","","","","","","","","","","","","","","","","","","","","","","","","","","","","","","","","","","","","","","","","","","","","","","","","","","",
"North Macedonia","MKD","Maternal mortality ratio (national estimate, per 100,000 live births)","SH.STA.MMRT.NE","","","","","","","","","","","","","","","","","","","","","","","","","","","","","","","","12","9","6","13","23","0","4","4","4","15","15","12","4","12","13","4","0","0","4","9","4","4","4","","","","","","","","","","",
"Mali","MLI","Maternal mortality ratio (national estimate, per 100,000 live births)","SH.STA.MMRT.NE","","","","","","","","","","","","","","","","","","","","","","","","","","","","","","","","","","","","","882","","","","","788","","","","","661","","","818","","","714","","","","","","","","","","","",
"Malta","MLT","Maternal mortality ratio (national estimate, per 100,000 live births)","SH.STA.MMRT.NE","","","","","","","","","","","","","","","","","","","","","","","","","","18","0","0","0","0","0","19","0","19","0","20","20","0","21","22","0","47","0","0","0","0","0","0","26","0","25","0","0","0","0","0","","","","","","","","",
"Myanmar","MMR","Maternal mortality ratio (national estimate, per 100,000 live births)","SH.STA.MMRT.NE","","","","","","","","","","","","","","","","","","","","","","","","","","","","","","","","","","","","","","","","237","","","","","","347","","","","","","","","","358","","244","","","","","","","",
"Middle East & North Africa (excluding high income)","MNA","Maternal mortality ratio (national estimate, per 100,000 live births)","SH.STA.MMRT.NE","","","","","","","","","","","","","","","","","","","","","","","","","","","","","","","","","","","","","","","","","","","","","","","","","","","","","","","","","","","","","","","","",
"Montenegro","MNE","Maternal mortality ratio (national estimate, per 100,000 live births)","SH.STA.MMRT.NE","","","","","","","","","","","","","","","","","","","","","","","","","","","","","","","","","","","","","","","","","0","24","0","0","0","0","0","12","0","0","","","","","","","","","","","","","","",
"Mongolia","MNG","Maternal mortality ratio (national estimate, per 100,000 live births)","SH.STA.MMRT.NE","","","","","","","","","","","","","","","","","","","","","","","","","","","","","","","","","","224","122","241","205","191","158","179","200","183","182","134","118","106","102","74","97","54","89","52","54","57","47","33","49","","","","","","","",
"Northern Mariana Islands","MNP","Maternal mortality ratio (national estimate, per 100,000 live births)","SH.STA.MMRT.NE","","","","","","","","","","","","","","","","","","","","","","","","","","","","","","","","","","","","","","","","","","","","","","","","","","","","","","","","","","","","","","","","",
"Mozambique","MOZ","Maternal mortality ratio (national estimate, per 100,000 live births)","SH.STA.MMRT.NE","","","","","","","","","","","","","","","","","","","","","","","","","","","","","","","","","","","","","","","","","","","","","606","","","577","","","","589","","","","","","","","","","","","",
"Mauritania","MRT","Maternal mortality ratio (national estimate, per 100,000 live births)","SH.STA.MMRT.NE","","","","","","","","","","","","","","","","","","","","","","","","","","","","","","","","","","","","","","","","","771","","","","","","","","","","","985","","","","","","","","","","","","",
"Mauritius","MUS","Maternal mortality ratio (national estimate, per 100,000 live births)","SH.STA.MMRT.NE","","","","","","","","","","","","","","","","","","","","","","","","","","92","110","89","41","18","67","67","40","27","68","55","28","48","19","34","15","20","5","21","16","22","17","36","37","64","33","34","64","65","52","45","46","77","","","","","","",
"Malawi","MWI","Maternal mortality ratio (national estimate, per 100,000 live births)","SH.STA.MMRT.NE","","","","","","","","","","","","","","","","","","","","","","","","","","","","","","","","","673","","","","","","","","942","","","","859","","","","","","613","","","","","","451","","","","","","","",
"Malaysia","MYS","Maternal mortality ratio (national estimate, per 100,000 live births)","SH.STA.MMRT.NE","","","","","","","","","","","","","","","","","","","","","","","","","","","","","","","","","44","48","46","39","47","41","","","32","39","32","29","27","27","","27","29","28","26","27","25","21","23","","","","","","","","","",
"North America","NAC","Maternal mortality ratio (national estimate, per 100,000 live births)","SH.STA.MMRT.NE","","","","","","","","","","","","","","","","","","","","","","","","","","","","","","","","","","","","","","","","","","","","","","","","","","","","","","","","","","","","","","","","",
"Namibia","NAM","Maternal mortality ratio (national estimate, per 100,000 live births)","SH.STA.MMRT.NE","","","","","","","","","","","","","","","","","","","","","","","","","","","","","","","","","280","","","","","","","","330","","","","","","415","","","","","248","","372","","","","","","","","","","",
"New Caledonia","NCL","Maternal mortality ratio (national estimate, per 100,000 live births)","SH.STA.MMRT.NE","","","","","","","","","","","","","","","","","","","","","","","","","","","","","","","","","","","","","","","","","","","","","","","","","","","","","","","","","","","","","","","","",
"Niger","NER","Maternal mortality ratio (national estimate, per 100,000 live births)","SH.STA.MMRT.NE","","","","","","","","","","","","","","","","","","","","","","","","","","","","","","","","","762","","","","","","","","","","","","","","840","","","","","","715","","","","","","","","","","","",
"Nigeria","NGA","Maternal mortality ratio (national estimate, per 100,000 live births)","SH.STA.MMRT.NE","","","","","","","","","","","","","","","","","","","","","","","","","","","","","","","","","","","","","","","","","","","","","","","","","938","","","","","1222","","","","","","","","","","",
"Nicaragua","NIC","Maternal mortality ratio (national estimate, per 100,000 live births)","SH.STA.MMRT.NE","","","","","","","","","","","","","","","","","","","","","","","","","","","","","","","","","","","","","","","","","","","","","","136","","","","","","","51","52","38","42","37","34","","","","","","",
"Netherlands","NLD","Maternal mortality ratio (national estimate, per 100,000 live births)","SH.STA.MMRT.NE","","","","","","","","","","","","","","","","","","","","","","","","","","4","8","8","10","5","8","6","7","","14","5","11","16","9","16","16","17","12","17","10","9","13","13","8","9","5","2","3","3","3","3","3","","","","","","","",
"Norway","NOR","Maternal mortality ratio (national estimate, per 100,000 live births)","SH.STA.MMRT.NE","","","","","","","","","","","","","","","","","","","","","","","","","","2","4","5","4","9","3","8","7","3","0","7","2","2","7","9","3","5","5","12","0","3","9","7","5","2","5","5","0","3","3","0","0","0","","","","","","",
"Nepal","NPL","Maternal mortality ratio (national estimate, per 100,000 live births)","SH.STA.MMRT.NE","","","","","","","","","","","","","","","","","","","","","","","","","","","","","","","","","","","","","750","","","","","","","","","","390","","","","","461","","","","","","250","","","","","","",
"Nauru","NRU","Maternal mortality ratio (national estimate, per 100,000 live births)","SH.STA.MMRT.NE","","","","","","","","","","","","","","","","","","","","","","","","","","","","","","","","","","","","","","","","","","","","","","","","","","","","","","","","","","","","","","","","",
"New Zealand","NZL","Maternal mortality ratio (national estimate, per 100,000 live births)","SH.STA.MMRT.NE","","","","","","","","","","","","","","","","","","","","","","","","","","13","19","13","18","11","7","16","9","21","7","3","7","5","5","7","9","5","14","7","7","8","","13","14","8","17","8","11","11","13","3","10","","","","","","","",
"OECD members","OED","Maternal mortality ratio (national estimate, per 100,000 live births)","SH.STA.MMRT.NE","","","","","","","","","","","","","","","","","","","","","","","","","","","","","","","","","","","","","","","","","","","","","","","","","","","","","","","","","","","","","","","","",
"Oman","OMN","Maternal mortality ratio (national estimate, per 100,000 live births)","SH.STA.MMRT.NE","","","","","","","","","","","","","","","","","","","","","","","","","","","","","","","","","30","18","7","27","24","23","15","20","15","18","25","41","26","20","17","13","23","17","17","27","18","18","12","21","20","14","23","","","","","",
"Other small states","OSS","Maternal mortality ratio (national estimate, per 100,000 live births)","SH.STA.MMRT.NE","","","","","","","","","","","","","","","","","","","","","","","","","","","","","","","","","","","","","","","","","","","","","","","","","","","","","","","","","","","","","","","","",
"Pakistan","PAK","Maternal mortality ratio (national estimate, per 100,000 live births)","SH.STA.MMRT.NE","","","","","","","","","","","","","","","","","","","","","","","","","","","","","","","","","","","","","","","","","","","","","","","250","","","","","","","","","","","","","","","","","",
"Panama","PAN","Maternal mortality ratio (national estimate, per 100,000 live births)","SH.STA.MMRT.NE","","","","","","","","","","","","","","","","","","","","","","","","","","51","57","35","55","71","","","","","","","51","40","43","44","39","50","53","47","32","57","49","53","54","38","53","75","63","51","55","51","47","","","","","","","",
"Peru","PER","Maternal mortality ratio (national estimate, per 100,000 live births)","SH.STA.MMRT.NE","","","","","","","","","","","","","","","","","","","","","","","","","","","","","","","","","","","","","259","","","","207","","","130","136","133","126","126","122","119","106","105","102","","","","","","","","","","","",
"Philippines","PHL","Maternal mortality ratio (national estimate, per 100,000 live births)","SH.STA.MMRT.NE","","","","","","","","","","","","","","","","","","","","","","","","","","","","","","","","","47","70","83","68","70","68","70","57","73","76","76","76","","","73","71","73","68","73","62","206","","","","","","","","","","","",
"Palau","PLW","Maternal mortality ratio (national estimate, per 100,000 live births)","SH.STA.MMRT.NE","","","","","","","","","","","","","","","","","","","","","","","","","","","","","","","","","","","","","","","","","","","","","","","","","","","","","","","","","","","","","","","","",
"Papua New Guinea","PNG","Maternal mortality ratio (national estimate, per 100,000 live births)","SH.STA.MMRT.NE","","","","","","","","","","","","","","","","","","","","","","","","","","","","","","","","","","","","","","","","","","","","","","","","","","","","","","","","","","","","","","","","",
"Poland","POL","Maternal mortality ratio (national estimate, per 100,000 live births)","SH.STA.MMRT.NE","","","","","","","","","","","","","","","","","","","","","","","","","","11","13","15","11","10","12","13","9","11","11","9","5","","","5","8","3","5","4","5","3","3","3","5","2","2","2","1","2","2","2","2","2","","","","","","",
"Pre-demographic dividend","PRE","Maternal mortality ratio (national estimate, per 100,000 live births)","SH.STA.MMRT.NE","","","","","","","","","","","","","","","","","","","","","","","","","","","","","","","","","","","","","","","","","","","","","","","","","","","","","","","","","","","","","","","","",
"Puerto Rico","PRI","Maternal mortality ratio (national estimate, per 100,000 live births)","SH.STA.MMRT.NE","","","","","","","","","","","","","","","","","","","","","","","","","","13","16","18","18","21","21","21","23","15","8","15","19","23","14","18","26","11","10","14","22","10","8","23","13","23","14","12","3","6","9","37","22","","","","","","","",
"Korea, Dem. People's Rep.","PRK","Maternal mortality ratio (national estimate, per 100,000 live births)","SH.STA.MMRT.NE","","","","","","","","","","","","","","","","","","","","","","","","","","","","","","","","","","","","","","","","","","","","","","","","","","","","","","","","","","","","","","","","",
"Portugal","PRT","Maternal mortality ratio (national estimate, per 100,000 live births)","SH.STA.MMRT.NE","","","","","","","","","","","","","","","","","","","","","","","","","","9","9","12","7","10","11","13","10","6","9","8","5","5","8","5","3","","12","10","6","6","6","18","4","7","8","5","4","6","7","7","7","10","","","","","","",
"Paraguay","PRY","Maternal mortality ratio (national estimate, per 100,000 live births)","SH.STA.MMRT.NE","","","","","","","","","","","","","","","","","","","","","","","","","","","","","","","","","","","","259","","","","","","","180","","","","","","","","","","","","","","92","54","","","","","","",
"West Bank and Gaza","PSE","Maternal mortality ratio (national estimate, per 100,000 live births)","SH.STA.MMRT.NE","","","","","","","","","","","","","","","","","","","","","","","","","","","","","","","","","","","","","","","","","","","","","","","","","","","56","48","52","41","43","36","31","34","14","","","","","",
"Pacific island small states","PSS","Maternal mortality ratio (national estimate, per 100,000 live births)","SH.STA.MMRT.NE","","","","","","","","","","","","","","","","","","","","","","","","","","","","","","","","","","","","","","","","","","","","","","","","","","","","","","","","","","","","","","","","",
"Post-demographic dividend","PST","Maternal mortality ratio (national estimate, per 100,000 live births)","SH.STA.MMRT.NE","","","","","","","","","","","","","","","","","","","","","","","","","","","","","","","","","","","","","","","","","","","","","","","","","","","","","","","","","","","","","","","","",
"French Polynesia","PYF","Maternal mortality ratio (national estimate, per 100,000 live births)","SH.STA.MMRT.NE","","","","","","","","","","","","","","","","","","","","","","","","","","","","","","","","","","","","","","","","","","","","","","","","","","","","","","","","","","","","","","","","",
"Qatar","QAT","Maternal mortality ratio (national estimate, per 100,000 live births)","SH.STA.MMRT.NE","","","","","","","","","","","","","","","","","","","","","","","","","","","","","","","","","","","","0","","","","","","8","","","7","20","6","24","0","16","10","0","","0","4","8","0","","","","","","","",
"Romania","ROU","Maternal mortality ratio (national estimate, per 100,000 live births)","SH.STA.MMRT.NE","","","","","","","","","","","","","","","","","","","","","","","","","","132","153","157","165","183","82","61","56","51","60","47","41","43","43","45","35","35","22","30","24","17","15","15","13","21","24","24","11","13","12","14","9","","","","","","","",
"Russian Federation","RUS","Maternal mortality ratio (national estimate, per 100,000 live births)","SH.STA.MMRT.NE","","","","","","","","","","","","","","","","","","","","","","","","","","53","57","53","52","49","47","51","47","45","50","52","47","48","43","41","38","35","34","32","24","24","22","22","21","22","17","16","12","11","11","10","","","","","","","","",
"Rwanda","RWA","Maternal mortality ratio (national estimate, per 100,000 live births)","SH.STA.MMRT.NE","","","","","","","","","","","","","","","","","","","","","","","","","","","","","","","","","","","","","","","","","994","","","","","985","","","","","785","","","","","297","","","","","","","","",
"South Asia","SAS","Maternal mortality ratio (national estimate, per 100,000 live births)","SH.STA.MMRT.NE","","","","","","","","","","","","","","","","","","","","","","","","","","","","","","","","","","","","","","","","","","","","","","","","","","","","","","","","","","","","","","","","",
"Saudi Arabia","SAU","Maternal mortality ratio (national estimate, per 100,000 live births)","SH.STA.MMRT.NE","","","","","","","","","","","","","","","","","","","","","","","","","","","","","","","","","","","","","","","25","","","","","","","","","","","","","","","","","","","","","","","","","",
"Sudan","SDN","Maternal mortality ratio (national estimate, per 100,000 live births)","SH.STA.MMRT.NE","","","","","","","","","","","","","","","","","","","","","","","","","","","","","","","","","","","","","","","","","","","","","","","702","","775","","237","","","","","","","","","","","","","",
"Senegal","SEN","Maternal mortality ratio (national estimate, per 100,000 live births)","SH.STA.MMRT.NE","","","","","","","","","","","","","","","","","","","","","","","","","","","","","","","","","","581","","","","","","","","","","","","490","","","","","","","","","","","","","440","","","","","",
"Singapore","SGP","Maternal mortality ratio (national estimate, per 100,000 live births)","SH.STA.MMRT.NE","","","","","","","","","","","","","","","","","","","","","","","","","","4","10","6","8","4","","","","","","","7","","","","16","8","8","4","2","9","6","4","2","0","2","4","2","0","0","6","4","","","","","","","",
"Solomon Islands","SLB","Maternal mortality ratio (national estimate, per 100,000 live births)","SH.STA.MMRT.NE","","","","","","","","","","","","","","","","","","","","","","","","","","","","","","","","","","","","","","","","","","","","","","","","","","153","","","","","","","","","","","","","","",
"Sierra Leone","SLE","Maternal mortality ratio (national estimate, per 100,000 live births)","SH.STA.MMRT.NE","","","","","","","","","","","","","","","","","","","","","","","","","","","","","","","","","","","","","","","","","","","","","","","","","1405","","","","","1778","","","","","","","","","","",
"El Salvador","SLV","Maternal mortality ratio (national estimate, per 100,000 live births)","SH.STA.MMRT.NE","","","","","","","","","","","","","","","","","","","","","","","","","","","","","","","33","45","29","37","","33","26","27","26","15","21","20","22","19","16","18","17","14","15","11","14","13","14","","","","","","","","","","","",
"San Marino","SMR","Maternal mortality ratio (national estimate, per 100,000 live births)","SH.STA.MMRT.NE","","","","","","","","","","","","","","","","","","","","","","","","","","","","","","","","","","","","","","","","","","","","","","","","","","","","","","","","","","","","","","","","",
"Somalia","SOM","Maternal mortality ratio (national estimate, per 100,000 live births)","SH.STA.MMRT.NE","","","","","","","","","","","","","","","","","","","","","","","","","","","","","","","","","","","","","","","","","","","","","","","","","","","","","","","","","","","","","","","","",
"Serbia","SRB","Maternal mortality ratio (national estimate, per 100,000 live births)","SH.STA.MMRT.NE","","","","","","","","","","","","","","","","","","","","","","","","","","","","","","","","","","14","","","","","7","6","6","6","1","5","2","10","9","5","10","15","13","7","11","10","9","9","8","8","","","","","","",
"Sub-Saharan Africa (excluding high income)","SSA","Maternal mortality ratio (national estimate, per 100,000 live births)","SH.STA.MMRT.NE","","","","","","","","","","","","","","","","","","","","","","","","","","","","","","","","","","","","","","","","","","","","","","","","","","","","","","","","","","","","","","","","",
"South Sudan","SSD","Maternal mortality ratio (national estimate, per 100,000 live births)","SH.STA.MMRT.NE","","","","","","","","","","","","","","","","","","","","","","","","","","","","","","","","","","","","","","","","","","","","","","","2241","","1084","","","","","","","","","","","","","","","",
"Sub-Saharan Africa","SSF","Maternal mortality ratio (national estimate, per 100,000 live births)","SH.STA.MMRT.NE","","","","","","","","","","","","","","","","","","","","","","","","","","","","","","","","","","","","","","","","","","","","","","","","","","","","","","","","","","","","","","","","",
"Small states","SST","Maternal mortality ratio (national estimate, per 100,000 live births)","SH.STA.MMRT.NE","","","","","","","","","","","","","","","","","","","","","","","","","","","","","","","","","","","","","","","","","","","","","","","","","","","","","","","","","","","","","","","","",
"Sao Tome and Principe","STP","Maternal mortality ratio (national estimate, per 100,000 live births)","SH.STA.MMRT.NE","","","","","","","","","","","","","","","","","","","","","","","","","","139","","67","","","","","","","","","","","","","","","","","","","","","110","","","","","","131","","","","","","","","","",
"Suriname","SUR","Maternal mortality ratio (national estimate, per 100,000 live births)","SH.STA.MMRT.NE","","","","","","","","","","","","","","","","","","","","","","","","","","55","63","18","54","27","9","","","","474","","","36","62","36","80","90","117","72","63","36","73","101","83","101","","138","129","65","120","148","","","","","","","","",
"Slovak Republic","SVK","Maternal mortality ratio (national estimate, per 100,000 live births)","SH.STA.MMRT.NE","","","","","","","","","","","","","","","","","","","","","","","","","","","","","","","","","1","13","6","8","5","2","7","9","2","11","8","4","6","4","6","0","4","12","0","11","4","2","4","2","7","5","","","","","","",
"Slovenia","SVN","Maternal mortality ratio (national estimate, per 100,000 live births)","SH.STA.MMRT.NE","","","","","","","","","","","","","","","","","","","","","","","","","","11","19","4","12","4","9","5","5","5","0","5","16","11","0","11","23","23","0","","","","9","","","","","0","9","5","5","5","5","5","","","","","","",
"Sweden","SWE","Maternal mortality ratio (national estimate, per 100,000 live births)","SH.STA.MMRT.NE","","","","","","","","","","","","","","","","","","","","","","","","","","5","3","5","","","","","","","","","","","","","","","","","","","6","","5","5","2","1","4","5","3","1","3","","","","","","","",
"Eswatini","SWZ","Maternal mortality ratio (national estimate, per 100,000 live births)","SH.STA.MMRT.NE","","","","","","","","","","","","","","","","","","","","","","","","","","","","","","","","","","","","","","","","","","","","","","","420","1117","","","","","","","","","","","","","","","","",
"Sint Maarten (Dutch part)","SXM","Maternal mortality ratio (national estimate, per 100,000 live births)","SH.STA.MMRT.NE","","","","","","","","","","","","","","","","","","","","","","","","","","","","","","","","","","","","","","","","","","","","","","","","","","","","","","","","","","","","","","","","",
"Seychelles","SYC","Maternal mortality ratio (national estimate, per 100,000 live births)","SH.STA.MMRT.NE","","","","","","","","","","","","","","","","","","","","","","","","","","57","0","58","","","","","","","","","","","","","","","","","","","","","","","","","","","","","","","","","","","","",
"Syrian Arab Republic","SYR","Maternal mortality ratio (national estimate, per 100,000 live births)","SH.STA.MMRT.NE","","","","","","","","","","","","","","","","","","","","","","","","","","","","","","","","","","","","","","","6","12","48","5","6","6","5","5","5","6","4","5","2","","","","","","","","","","","","","",
"Turks and Caicos Islands","TCA","Maternal mortality ratio (national estimate, per 100,000 live births)","SH.STA.MMRT.NE","","","","","","","","","","","","","","","","","","","","","","","","","","","","","","","","","","","","","","","","","","","","","","","","","","","","","","","","","","","","","","","","",
"Chad","TCD","Maternal mortality ratio (national estimate, per 100,000 live births)","SH.STA.MMRT.NE","","","","","","","","","","","","","","","","","","","","","","","","","","","","","","","","","","","","","","1165","","","","","","","1358","","","","","","","","","","","1389","","","","","","","","",
"East Asia & Pacific (IDA & IBRD countries)","TEA","Maternal mortality ratio (national estimate, per 100,000 live births)","SH.STA.MMRT.NE","","","","","","","","","","","","","","","","","","","","","","","","","","","","","","","","","","","","","","","","","","","","","","","","","","","","","","","","","","","","","","","","",
"Europe & Central Asia (IDA & IBRD countries)","TEC","Maternal mortality ratio (national estimate, per 100,000 live births)","SH.STA.MMRT.NE","","","","","","","","","","","","","","","","","","","","","","","","","","","","","","","","","","","","","","","","","","","","","","","","","","","","","","","","","","","","","","","","",
"Togo","TGO","Maternal mortality ratio (national estimate, per 100,000 live births)","SH.STA.MMRT.NE","","","","","","","","","","","","","","","","","","","","","","","","","","","","","","","","","","","","","","","505","","","","","","","","","","","","","","","","416","","","","","","","","","",
"Thailand","THA","Maternal mortality ratio (national estimate, per 100,000 live births)","SH.STA.MMRT.NE","","","","","","","","","","","","","","","","","","","","","","","","","","","","","","","22","17","13","","10","9","12","9","7","10","11","","13","12","12","12","11","53","40","51","48","46","38","38","41","22","24","","","","","","","",
"Tajikistan","TJK","Maternal mortality ratio (national estimate, per 100,000 live births)","SH.STA.MMRT.NE","","","","","","","","","","","","","","","","","","","","","","","","","","53","53","51","42","37","41","53","87","76","70","47","35","28","28","31","18","20","30","19","19","14","","","","","","","","","","","7","","","","","","","",
"Turkmenistan","TKM","Maternal mortality ratio (national estimate, per 100,000 live births)","SH.STA.MMRT.NE","","","","","","","","","","","","","","","","","","","","","","","","","","55","51","49","33","52","40","44","57","46","48","52","42","18","15","15","5","12","23","16","7","11","8","17","10","11","6","3","5","6","3","3","","","","","","","","",
"Latin America & the Caribbean (IDA & IBRD countries)","TLA","Maternal mortality ratio (national estimate, per 100,000 live births)","SH.STA.MMRT.NE","","","","","","","","","","","","","","","","","","","","","","","","","","","","","","","","","","","","","","","","","","","","","","","","","","","","","","","","","","","","","","","","",
"Timor-Leste","TLS","Maternal mortality ratio (national estimate, per 100,000 live births)","SH.STA.MMRT.NE","","","","","","","","","","","","","","","","","","","","","","","","","","","","","","","","","","","","","","","","","","","","","","","","","","557","241","","","","","","129","","","","","","","",
"Middle East & North Africa (IDA & IBRD countries)","TMN","Maternal mortality ratio (national estimate, per 100,000 live births)","SH.STA.MMRT.NE","","","","","","","","","","","","","","","","","","","","","","","","","","","","","","","","","","","","","","","","","","","","","","","","","","","","","","","","","","","","","","","","",
"Tonga","TON","Maternal mortality ratio (national estimate, per 100,000 live births)","SH.STA.MMRT.NE","","","","","","","","","","","","","","","","","","","","","","","","","","","","","","","","","","","","","","","","","","","","","","","","","","","","","","","","","","","","","","","","",
"South Asia (IDA & IBRD)","TSA","Maternal mortality ratio (national estimate, per 100,000 live births)","SH.STA.MMRT.NE","","","","","","","","","","","","","","","","","","","","","","","","","","","","","","","","","","","","","","","","","","","","","","","","","","","","","","","","","","","","","","","","",
"Sub-Saharan Africa (IDA & IBRD countries)","TSS","Maternal mortality ratio (national estimate, per 100,000 live births)","SH.STA.MMRT.NE","","","","","","","","","","","","","","","","","","","","","","","","","","","","","","","","","","","","","","","","","","","","","","","","","","","","","","","","","","","","","","","","",
"Trinidad and Tobago","TTO","Maternal mortality ratio (national estimate, per 100,000 live births)","SH.STA.MMRT.NE","","","","","","","","","","","","","","","","","","","","","","","","","","45","60","89","61","75","51","46","61","64","71","64","36","68","42","37","53","37","26","26","46","31","60","30","55","40","64","30","30","","","","","","","","","","","",
"Tunisia","TUN","Maternal mortality ratio (national estimate, per 100,000 live births)","SH.STA.MMRT.NE","","","","","","","","","","","","","","","","","","","","","","","","","","","","","","","","","","","142","","","","","","","","","","","","","","","68","","42","","","","","","","","","","","","",
"Turkiye","TUR","Maternal mortality ratio (national estimate, per 100,000 live births)","SH.STA.MMRT.NE","","","","","","","","","","","","","","","","","","","","","","","","","","","","","","","","","","","","","","","","","","","","","","","57","","23","21","20","18","29","32","18","17","16","16","16","","","","","",
"Tuvalu","TUV","Maternal mortality ratio (national estimate, per 100,000 live births)","SH.STA.MMRT.NE","","","","","","","","","","","","","","","","","","","","","","","","","","","","","","","","","","","","","","","","","","","","","","","","","","","","","","","","","","","","","","","","",
"Tanzania","TZA","Maternal mortality ratio (national estimate, per 100,000 live births)","SH.STA.MMRT.NE","","","","","","","","","","","","","","","","","","","","","","","","","","","","","","","","","","","","","997","","","","","","","","741","","","","","","666","","832","","","","642","","","","","","","",
"Uganda","UGA","Maternal mortality ratio (national estimate, per 100,000 live births)","SH.STA.MMRT.NE","","","","","","","","","","","","","","","","","","","","","","","","","","","","","","","","","","","","553","","","","","585","","","","","","392","","","","","551","","","","","481","","","","","","","",
"Ukraine","UKR","Maternal mortality ratio (national estimate, per 100,000 live births)","SH.STA.MMRT.NE","","","","","","","","","","","","","","","","","","","","","","","","","","41","39","41","41","34","33","31","32","33","31","32","30","25","27","24","24","22","21","17","13","17","15","20","16","26","23","17","13","","15","13","","","","","","","","",
"Upper middle income","UMC","Maternal mortality ratio (national estimate, per 100,000 live births)","SH.STA.MMRT.NE","","","","","","","","","","","","","","","","","","","","","","","","","","","","","","","","","","","","","","","","","","","","","","","","","","","","","","","","","","","","","","","","",
"Uruguay","URY","Maternal mortality ratio (national estimate, per 100,000 live births)","SH.STA.MMRT.NE","","","","","","","","","","","","","","","","","","","","","","","","","","42","25","25","37","25","16","","","24","21","25","20","27","20","11","","17","36","34","21","18","18","12","26","14","33","14","8","10","19","19","25","19","17","","","","","",
"United States","USA","Maternal mortality ratio (national estimate, per 100,000 live births)","SH.STA.MMRT.NE","","","","","","","","","","","","","","","","","","","","","","","","","","8","7","7","8","8","9","8","8","8","8","7","7","8","","10","12","13","13","12","14","13","13","14","13","14","15","14","","","19","18","19","","","","","","","",
"Uzbekistan","UZB","Maternal mortality ratio (national estimate, per 100,000 live births)","SH.STA.MMRT.NE","","","","","","","","","","","","","","","","","","","","","","","","","","50","60","60","38","40","33","33","30","24","16","19","12","10","8","14","32","31","26","27","25","23","","","","25","15","22","15","17","19","19","18","","","","","","","",
"St. Vincent and the Grenadines","VCT","Maternal mortality ratio (national estimate, per 100,000 live births)","SH.STA.MMRT.NE","","","","","","","","","","","","","","","","","","","","","","","","","","105","0","72","","","0","","","","","163","83","43","0","45","46","0","0","0","51","0","0","0","109","0","113","58","0","120","61","0","0","","","","","","","",
"Venezuela, RB","VEN","Maternal mortality ratio (national estimate, per 100,000 live births)","SH.STA.MMRT.NE","","","","","","","","","","","","","","","","","","","","","","","","","","54","54","51","51","60","61","","53","58","67","","52","54","44","82","56","60","56","54","54","58","60","56","62","72","68","73","70","70","","","","","","","","","","",
"British Virgin Islands","VGB","Maternal mortality ratio (national estimate, per 100,000 live births)","SH.STA.MMRT.NE","","","","","","","","","","","","","","","","","","","","","","","","","","","","","","","","","","","","","","","","","","","","","","","","","","","","","","","","","","","","","","","","",
"Virgin Islands (U.S.)","VIR","Maternal mortality ratio (national estimate, per 100,000 live births)","SH.STA.MMRT.NE","","","","","","","","","","","","","","","","","","","","","","","","","","","","","","","","","","","","","","","","","","","","","","","","","","","","","","","","","","","","","","","","",
"Viet Nam","VNM","Maternal mortality ratio (national estimate, per 100,000 live births)","SH.STA.MMRT.NE","","","","","","","","","","","","","","","","","","","","","","","","","","","","","","","","","","","","","","","","","","","","","","","","","58","","42","","","","","","","","","","","","","",
"Vanuatu","VUT","Maternal mortality ratio (national estimate, per 100,000 live births)","SH.STA.MMRT.NE","","","","","","","","","","","","","","","","","","","","","","","","","","","","","","","","","","","","","","","","","","","","","","","","","","","","","","","","","","","","","","","","",
"World","WLD","Maternal mortality ratio (national estimate, per 100,000 live births)","SH.STA.MMRT.NE","","","","","","","","","","","","","","","","","","","","","","","","","","","","","","","","","","","","","","","","","","","","","","","","","","","","","","","","","","","","","","","","",
"Samoa","WSM","Maternal mortality ratio (national estimate, per 100,000 live births)","SH.STA.MMRT.NE","","","","","","","","","","","","","","","","","","","","","","","","","","","","","","","","","","","","","","","","","","","","","","","","","","","","","","","","","","","","","","","","",
"Kosovo","XKX","Maternal mortality ratio (national estimate, per 100,000 live births)","SH.STA.MMRT.NE","","","","","","","","","","","","","","","","","","","","","","","","","","","","","","","","","","","","","","","","","","","","","","","","","","","","","","","","","","","","","","","","",
"Yemen, Rep.","YEM","Maternal mortality ratio (national estimate, per 100,000 live births)","SH.STA.MMRT.NE","","","","","","","","","","","","","","","","","","","","","","","","","","","","","","","","","","","","","","588","","","","","","339","","","","","","","","","","137","","","","","","","","","","",
"South Africa","ZAF","Maternal mortality ratio (national estimate, per 100,000 live births)","SH.STA.MMRT.NE","","","","","","","","","","","","","","","","","","","","","","","","","","","","","","","","","","","41","47","58","60","61","67","71","82","75","84","106","112","122","152","152","157","137","104","86","78","84","78","","","","","","","","",
"Zambia","ZMB","Maternal mortality ratio (national estimate, per 100,000 live births)","SH.STA.MMRT.NE","","","","","","","","","","","","","","","","","","","","","","","","","","","","","","","","","","","","","553","","","","","","506","","","","","405","","","422","","","286","","","","","","","","","","",
"Zimbabwe","ZWE","Maternal mortality ratio (national estimate, per 100,000 live births)","SH.STA.MMRT.NE","","","","","","","","","","","","","","","","","","","","","","","","","","","","","","","","","","","","","","","","","","","","","","","","","","","","","","","","","","","","","","","","",
